Order Date,Total Profit
2010-01-01,145827155.23
2010-01-02,130831857.84
2010-01-03,122951396.99
2010-01-04,139160905.14
2010-01-05,152265139.76
2010-01-06,134654985.43
2010-01-07,117658303.72
2010-01-08,137031929.08
2010-01-09,147141575.85
2010-01-10,137405210.53
2010-01-11,117783368.27
2010-01-12,132183446.4
2010-01-13,135992838.7
2010-01-14,142190009.84
2010-01-15,148163298.54
2010-01-16,129885489.9
2010-01-17,137240522.93
2010-01-18,137269986.27
2010-01-19,159970351.01
2010-01-20,140027068.79
2010-01-21,132476441.51
2010-01-22,147008116.43
2010-01-23,134459723.69
2010-01-24,148951195.93
2010-01-25,134804001.08
2010-01-26,150964100.99
2010-01-27,123180102.76
2010-01-28,141586034.93
2010-01-29,145461365.32
2010-01-30,151174338.56
2010-01-31,132906737.38
2010-02-01,144715421.58
2010-02-02,142910419.97
2010-02-03,133739788.62
2010-02-04,137127586.43
2010-02-05,150733494.9
2010-02-06,137608094.14
2010-02-07,142022852.18
2010-02-08,141254885.28
2010-02-09,127680430.51
2010-02-10,152865244.89
2010-02-11,124215796.68
2010-02-12,126085488.76
2010-02-13,152413077.44
2010-02-14,150286439.95
2010-02-15,151000442.83
2010-02-16,138425141.32
2010-02-17,147355198.9
2010-02-18,143228453.19
2010-02-19,139829893.74
2010-02-20,165060538.33
2010-02-21,117012439.05
2010-02-22,128597046.73
2010-02-23,139553043.58
2010-02-24,152260222.22
2010-02-25,134007686.32
2010-02-26,134645389.96
2010-02-27,134843548.07
2010-02-28,147456342.24
2010-03-01,143451740.01
2010-03-02,142895640.3
2010-03-03,144866146.1
2010-03-04,134356397.64000002
2010-03-05,151031478.4
2010-03-06,137556224.43
2010-03-07,139116248.34
2010-03-08,136272355.76
2010-03-09,135822028.81
2010-03-10,149674630.84
2010-03-11,128082774.24000001
2010-03-12,131560948.21
2010-03-13,135050060.86
2010-03-14,148165113.2
2010-03-15,137688158.9
2010-03-16,158620971.6
2010-03-17,143353426.06
2010-03-18,151435616.02
2010-03-19,152567537.69
2010-03-20,139715435.92
2010-03-21,142212558.33
2010-03-22,137415982.26
2010-03-23,121978913.37
2010-03-24,140977050.96
2010-03-25,144012479.81
2010-03-26,124166237.41
2010-03-27,132866519.25
2010-03-28,128794779.88
2010-03-29,135146395.67
2010-03-30,149840745.93
2010-03-31,136525177.55
2010-04-01,130910360.56
2010-04-02,136746293.7
2010-04-03,138050199.24
2010-04-04,143334779.67
2010-04-05,142967043.7
2010-04-06,139042143.32
2010-04-07,132817945.82000001
2010-04-08,152991843.46
2010-04-09,140261371.34
2010-04-10,149840728.27
2010-04-11,132056940.53999999
2010-04-12,146161373.13
2010-04-13,133871978.82000001
2010-04-14,159455096.08
2010-04-15,142765586.91
2010-04-16,140757092.21
2010-04-17,143807354.81
2010-04-18,140121964.16
2010-04-19,132162707.17
2010-04-20,142597811.49
2010-04-21,138656038.72
2010-04-22,139982636.83
2010-04-23,133826943.64
2010-04-24,139182503.82
2010-04-25,152915669.08
2010-04-26,130643562.94
2010-04-27,147549197.09
2010-04-28,135684218.41
2010-04-29,151944505.29
2010-04-30,148081023.71
2010-05-01,125317528.17
2010-05-02,144427489.56
2010-05-03,137158686.27
2010-05-04,128376685.47
2010-05-05,131199247.96
2010-05-06,140548231.78
2010-05-07,141293678.87
2010-05-08,159506712.25
2010-05-09,131660691.53
2010-05-10,138237250.51
2010-05-11,138843169.61
2010-05-12,147351777.05
2010-05-13,137321663.29
2010-05-14,148999066.47
2010-05-15,141501160.8
2010-05-16,151821210.37
2010-05-17,141552477.94
2010-05-18,140484059.1
2010-05-19,143895931.87
2010-05-20,152299064.37
2010-05-21,144355466.47
2010-05-22,143259053.79
2010-05-23,131801315.87
2010-05-24,126889575.94
2010-05-25,147326567.97
2010-05-26,145976845.84
2010-05-27,139415036.42
2010-05-28,146022676.89000002
2010-05-29,145894556.12
2010-05-30,149846887.13
2010-05-31,157574007.79
2010-06-01,147407531.46
2010-06-02,138204386.75
2010-06-03,131782448.31
2010-06-04,148669829.99
2010-06-05,145083751.94
2010-06-06,130662025.24
2010-06-07,130472963.14
2010-06-08,137183681.79
2010-06-09,144325112.42
2010-06-10,149026744.83
2010-06-11,138145029.14
2010-06-12,139739642.2
2010-06-13,159274887.22
2010-06-14,132427013.86
2010-06-15,131412547.73
2010-06-16,151275426.33
2010-06-17,139644459.85999998
2010-06-18,142639028.04
2010-06-19,136314958.56
2010-06-20,150200835.27
2010-06-21,140276355.18
2010-06-22,153330786.51
2010-06-23,152810926.84
2010-06-24,147113945.91
2010-06-25,139355980.88
2010-06-26,144041504.97
2010-06-27,128300905.8
2010-06-28,137991527.76
2010-06-29,138771903.31
2010-06-30,131789544.33
2010-07-01,134581885.47
2010-07-02,158953997.04
2010-07-03,147861034.39
2010-07-04,136098272.98
2010-07-05,132361397.02
2010-07-06,124878403.59
2010-07-07,137259926.87
2010-07-08,147235442.45
2010-07-09,146651116.12
2010-07-10,156697289.75
2010-07-11,146982796.59
2010-07-12,148600456.94
2010-07-13,156552430.01
2010-07-14,141881387.52
2010-07-15,139780582.69
2010-07-16,135575599.8
2010-07-17,148144963.9
2010-07-18,144117018.53
2010-07-19,144184530.76
2010-07-20,147689308.31
2010-07-21,141736428.0
2010-07-22,131187871.44
2010-07-23,140158758.65
2010-07-24,144295714.24
2010-07-25,125068212.35
2010-07-26,142711269.32
2010-07-27,133133553.0
2010-07-28,156202598.91
2010-07-29,142662110.07
2010-07-30,137703965.47
2010-07-31,160955115.21
2010-08-01,144486199.18
2010-08-02,143759032.83
2010-08-03,149267404.33
2010-08-04,130411540.42
2010-08-05,148944290.18
2010-08-06,139157796.8
2010-08-07,143220429.93
2010-08-08,145480701.62
2010-08-09,140461874.81
2010-08-10,152113453.11
2010-08-11,147602793.92
2010-08-12,134834787.39
2010-08-13,156565714.68
2010-08-14,142611072.78
2010-08-15,125189765.61
2010-08-16,146854574.5
2010-08-17,156990808.07
2010-08-18,141578399.68
2010-08-19,135286555.37
2010-08-20,138828905.68
2010-08-21,151428090.4
2010-08-22,143792616.46
2010-08-23,154953959.02
2010-08-24,131337611.11
2010-08-25,147970538.36
2010-08-26,138388202.17
2010-08-27,160464737.7
2010-08-28,142118236.91
2010-08-29,147180813.51
2010-08-30,126105436.17999999
2010-08-31,139253178.45
2010-09-01,137995443.82
2010-09-02,143063590.37
2010-09-03,142346204.59
2010-09-04,139834738.02
2010-09-05,150098779.94
2010-09-06,134859051.13
2010-09-07,134077398.31
2010-09-08,135762447.67
2010-09-09,156788935.5
2010-09-10,134721662.69
2010-09-11,146183617.69
2010-09-12,150935267.84
2010-09-13,149656791.56
2010-09-14,146512414.09
2010-09-15,148179895.47
2010-09-16,121372675.96
2010-09-17,130456782.08
2010-09-18,137009920.58
2010-09-19,146786217.89
2010-09-20,149026092.05
2010-09-21,146753145.16
2010-09-22,148041587.47
2010-09-23,140429973.58
2010-09-24,139001433.3
2010-09-25,151349298.74
2010-09-26,143404934.19
2010-09-27,149102679.17
2010-09-28,133351243.69
2010-09-29,156949877.87
2010-09-30,138239326.86
2010-10-01,143909715.49
2010-10-02,160301423.98
2010-10-03,144429832.24
2010-10-04,138736233.37
2010-10-05,158533754.82
2010-10-06,136936477.28
2010-10-07,138269797.97
2010-10-08,147520102.61
2010-10-09,124049321.58
2010-10-10,137043622.69
2010-10-11,135166318.41
2010-10-12,136191514.04
2010-10-13,135596652.88
2010-10-14,137300190.7
2010-10-15,155963052.84
2010-10-16,143766824.7
2010-10-17,130210070.25
2010-10-18,140570498.19
2010-10-19,142183954.23
2010-10-20,135977028.93
2010-10-21,131553801.3
2010-10-22,144555734.53
2010-10-23,139111803.04
2010-10-24,124630793.43
2010-10-25,133508067.95
2010-10-26,138921438.0
2010-10-27,150263109.43
2010-10-28,136433397.65
2010-10-29,143028502.97
2010-10-30,130808699.95
2010-10-31,129936553.11
2010-11-01,142980445.82
2010-11-02,143713993.29
2010-11-03,134987588.55
2010-11-04,136859786.11
2010-11-05,148698744.01
2010-11-06,166432392.31
2010-11-07,138775819.42
2010-11-08,146047641.45
2010-11-09,148616592.44
2010-11-10,137212294.9
2010-11-11,152221311.69
2010-11-12,137080479.99
2010-11-13,143040894.29
2010-11-14,145839242.14
2010-11-15,143608259.57999998
2010-11-16,155027576.4
2010-11-17,132260480.76
2010-11-18,138783408.63
2010-11-19,143906021.87
2010-11-20,140867543.16
2010-11-21,144269139.33
2010-11-22,148841303.98
2010-11-23,152693991.37
2010-11-24,138486516.04
2010-11-25,136619382.0
2010-11-26,155468597.13
2010-11-27,124130994.87
2010-11-28,144275166.55
2010-11-29,130581472.99
2010-11-30,135888311.39
2010-12-01,139448291.23
2010-12-02,142366758.73
2010-12-03,130831375.52
2010-12-04,123631499.44
2010-12-05,153701732.7
2010-12-06,134383735.25
2010-12-07,134482473.0
2010-12-08,131844796.81
2010-12-09,125924652.07000001
2010-12-10,141378625.17
2010-12-11,151828275.65
2010-12-12,150796472.14
2010-12-13,141975236.73
2010-12-14,131676544.8
2010-12-15,155440784.42
2010-12-16,166648986.75
2010-12-17,139314596.15
2010-12-18,149346182.19
2010-12-19,148339237.25
2010-12-20,146543148.39
2010-12-21,132959724.74
2010-12-22,132520732.13
2010-12-23,145675926.72
2010-12-24,124625176.54
2010-12-25,136377103.36
2010-12-26,137281561.62
2010-12-27,140225795.02
2010-12-28,143648720.23
2010-12-29,139910430.91
2010-12-30,154383536.39
2010-12-31,140248715.61
2011-01-01,155365957.57
2011-01-02,146734698.29
2011-01-03,132190409.59
2011-01-04,143068827.07
2011-01-05,149546419.9
2011-01-06,135692280.23
2011-01-07,137219735.0
2011-01-08,151872674.98
2011-01-09,152251830.99
2011-01-10,140634770.22
2011-01-11,164950171.29
2011-01-12,154796961.37
2011-01-13,126870329.97
2011-01-14,146565649.03
2011-01-15,160792030.54
2011-01-16,141058267.99
2011-01-17,133529110.59
2011-01-18,135082646.95
2011-01-19,155088785.64000002
2011-01-20,139405905.21
2011-01-21,151085645.23
2011-01-22,143197597.84
2011-01-23,157826776.44
2011-01-24,123877766.53
2011-01-25,152638882.65
2011-01-26,132422039.93
2011-01-27,131187507.83
2011-01-28,151867424.09
2011-01-29,136955856.91
2011-01-30,139070964.87
2011-01-31,147730144.85
2011-02-01,141877577.18
2011-02-02,156815165.07
2011-02-03,137617997.0
2011-02-04,129158461.07000001
2011-02-05,139156519.22
2011-02-06,146116875.96
2011-02-07,136674501.57
2011-02-08,142515113.81
2011-02-09,145153691.77
2011-02-10,138032024.94
2011-02-11,138851995.95
2011-02-12,145674267.61
2011-02-13,142717479.76
2011-02-14,139891970.86
2011-02-15,142774843.39000002
2011-02-16,146195425.35
2011-02-17,141906005.07
2011-02-18,156031256.09
2011-02-19,131610450.1
2011-02-20,132145610.5
2011-02-21,141123283.48
2011-02-22,132690625.87
2011-02-23,135234806.54
2011-02-24,140877218.97
2011-02-25,136948301.53
2011-02-26,132191274.73
2011-02-27,152752700.47
2011-02-28,132035065.29
2011-03-01,140578367.92
2011-03-02,143787680.35
2011-03-03,140775728.29
2011-03-04,132817436.78
2011-03-05,131599681.25
2011-03-06,147326561.8
2011-03-07,143603479.93
2011-03-08,157239936.56
2011-03-09,143744964.2
2011-03-10,139386622.7
2011-03-11,143388100.46
2011-03-12,167848474.36
2011-03-13,147294970.43
2011-03-14,159368014.56
2011-03-15,146699385.86
2011-03-16,122752667.44
2011-03-17,129314262.72
2011-03-18,135068419.39
2011-03-19,134281477.26
2011-03-20,150287732.95
2011-03-21,144736788.47
2011-03-22,136069495.07
2011-03-23,155204546.65
2011-03-24,146887612.35
2011-03-25,159145383.22
2011-03-26,148998458.95
2011-03-27,156802760.18
2011-03-28,144080563.32
2011-03-29,147184334.62
2011-03-30,135536905.61
2011-03-31,143849221.69
2011-04-01,148375367.64
2011-04-02,154978503.5
2011-04-03,155203846.21
2011-04-04,158286032.23
2011-04-05,138265157.14
2011-04-06,163028948.18
2011-04-07,150483880.29
2011-04-08,143523104.4
2011-04-09,143410173.44
2011-04-10,141628007.66
2011-04-11,134883149.05
2011-04-12,158330727.87
2011-04-13,138758917.89
2011-04-14,136249502.74
2011-04-15,162721097.07
2011-04-16,132067325.04
2011-04-17,148803291.18
2011-04-18,144577120.29
2011-04-19,126346414.27
2011-04-20,142582827.89
2011-04-21,125645849.43
2011-04-22,141330546.43
2011-04-23,155904014.91
2011-04-24,146282038.62
2011-04-25,144495854.0
2011-04-26,151103398.31
2011-04-27,140196868.3
2011-04-28,143970252.67
2011-04-29,153825774.75
2011-04-30,133717036.11
2011-05-01,143593553.29
2011-05-02,124688747.74
2011-05-03,136173328.27
2011-05-04,143924631.46
2011-05-05,147299961.11
2011-05-06,122154478.6
2011-05-07,127820442.68
2011-05-08,150939985.85
2011-05-09,130640385.82
2011-05-10,148687732.42
2011-05-11,142431352.84
2011-05-12,150520992.32
2011-05-13,150579667.56
2011-05-14,153153183.78
2011-05-15,130098454.98
2011-05-16,129304441.55
2011-05-17,146072567.2
2011-05-18,126862824.6
2011-05-19,159195241.23
2011-05-20,152343235.28
2011-05-21,132411476.88
2011-05-22,132498769.17
2011-05-23,150114048.51
2011-05-24,138991535.12
2011-05-25,137463712.34
2011-05-26,150375598.58
2011-05-27,141690965.29
2011-05-28,134153793.89
2011-05-29,147225525.87
2011-05-30,124065119.58
2011-05-31,131753833.9
2011-06-01,138003270.35
2011-06-02,156922091.52
2011-06-03,151462014.59
2011-06-04,134530818.19
2011-06-05,149349074.12
2011-06-06,143905037.92
2011-06-07,131346755.99
2011-06-08,137843355.15
2011-06-09,140986990.7
2011-06-10,155790407.99
2011-06-11,133885173.33
2011-06-12,145829264.87
2011-06-13,155575520.52
2011-06-14,148656621.8
2011-06-15,145727765.78
2011-06-16,137945724.58
2011-06-17,148788714.11
2011-06-18,134685198.67
2011-06-19,132373766.17
2011-06-20,141627303.36
2011-06-21,138198604.35
2011-06-22,144646082.99
2011-06-23,143482343.56
2011-06-24,141788967.1
2011-06-25,146488834.79
2011-06-26,142586790.4
2011-06-27,147129998.57
2011-06-28,135469523.31
2011-06-29,126667403.71
2011-06-30,148796753.78
2011-07-01,154707069.59
2011-07-02,153135932.27
2011-07-03,131955295.57000001
2011-07-04,157859303.28
2011-07-05,142291198.28
2011-07-06,147903250.83
2011-07-07,147720662.37
2011-07-08,141050570.6
2011-07-09,120937219.9
2011-07-10,142968344.33
2011-07-11,153164337.45
2011-07-12,159543468.2
2011-07-13,144846941.54
2011-07-14,150019837.68
2011-07-15,138444895.29
2011-07-16,141342106.2
2011-07-17,137178593.88
2011-07-18,134870191.17
2011-07-19,138730766.11
2011-07-20,143030832.33
2011-07-21,139437964.86
2011-07-22,129843227.61
2011-07-23,136231201.55
2011-07-24,146738228.98
2011-07-25,143596828.28
2011-07-26,154068399.35999998
2011-07-27,148443480.03
2011-07-28,139432775.63
2011-07-29,152895582.92
2011-07-30,158147562.15
2011-07-31,130470387.7
2011-08-01,150318772.38
2011-08-02,139137350.41
2011-08-03,139344681.71
2011-08-04,132786034.56
2011-08-05,148175153.43
2011-08-06,136733327.56
2011-08-07,155496152.34
2011-08-08,139075277.34
2011-08-09,143392668.43
2011-08-10,141365424.8
2011-08-11,137534623.15
2011-08-12,144697689.58
2011-08-13,140473465.54
2011-08-14,152263833.18
2011-08-15,137404904.51
2011-08-16,138545083.84
2011-08-17,132115132.57
2011-08-18,127283092.86
2011-08-19,146409117.11
2011-08-20,143128538.97
2011-08-21,129212816.42999999
2011-08-22,148866060.48
2011-08-23,121866402.84
2011-08-24,152270790.16
2011-08-25,142740196.63
2011-08-26,149571671.42
2011-08-27,142214109.05
2011-08-28,143233947.44
2011-08-29,129351009.46
2011-08-30,135007694.47
2011-08-31,145270894.85
2011-09-01,138699259.14
2011-09-02,154164071.52
2011-09-03,152127753.39
2011-09-04,133489194.72
2011-09-05,149271998.8
2011-09-06,132210142.88
2011-09-07,134872334.6
2011-09-08,144863130.25
2011-09-09,134199560.24
2011-09-10,148419359.1
2011-09-11,136563207.48
2011-09-12,150916362.07
2011-09-13,157786221.63
2011-09-14,145892615.41
2011-09-15,131085463.83
2011-09-16,140590615.48
2011-09-17,133048603.51
2011-09-18,130020283.35
2011-09-19,148605424.23
2011-09-20,160006733.6
2011-09-21,140857451.85
2011-09-22,137909604.45
2011-09-23,155075833.67
2011-09-24,135573775.18
2011-09-25,145216098.64
2011-09-26,124422852.57
2011-09-27,134078590.06
2011-09-28,123831346.11
2011-09-29,141751101.87
2011-09-30,152413085.8
2011-10-01,136363503.53
2011-10-02,141263238.57
2011-10-03,151365058.67
2011-10-04,136634431.35999998
2011-10-05,155124390.84
2011-10-06,124813309.77
2011-10-07,140185710.02
2011-10-08,142170517.03
2011-10-09,130304803.37
2011-10-10,152721719.35
2011-10-11,139888182.7
2011-10-12,144186966.42
2011-10-13,153446303.39
2011-10-14,149845763.57
2011-10-15,143821088.08
2011-10-16,141644468.51
2011-10-17,131618969.44
2011-10-18,135221451.78
2011-10-19,144025164.33
2011-10-20,135423557.32
2011-10-21,142965930.7
2011-10-22,136703143.42
2011-10-23,140215016.32
2011-10-24,146687741.3
2011-10-25,149480549.4
2011-10-26,132665522.73
2011-10-27,145605792.93
2011-10-28,154041448.0
2011-10-29,145398790.19
2011-10-30,151096214.05
2011-10-31,142673052.54
2011-11-01,142329660.62
2011-11-02,151877116.01
2011-11-03,160589633.08
2011-11-04,149353355.89000002
2011-11-05,144156481.21
2011-11-06,150831139.78
2011-11-07,154379150.22
2011-11-08,144911679.69
2011-11-09,115098976.59
2011-11-10,143547050.51
2011-11-11,145294700.82
2011-11-12,143383063.89000002
2011-11-13,137019701.45
2011-11-14,145861430.54
2011-11-15,146657623.2
2011-11-16,161508002.39
2011-11-17,144339181.77
2011-11-18,158552462.1
2011-11-19,151163728.15
2011-11-20,143692643.11
2011-11-21,130273875.79
2011-11-22,146926837.6
2011-11-23,144807169.66
2011-11-24,143103963.15
2011-11-25,144543953.42
2011-11-26,131976762.59
2011-11-27,141225297.73
2011-11-28,150589945.87
2011-11-29,130209550.12
2011-11-30,142181140.42
2011-12-01,134996044.03
2011-12-02,135627621.65
2011-12-03,133930706.21
2011-12-04,140576920.19
2011-12-05,130674179.88
2011-12-06,165449319.65
2011-12-07,148279882.57
2011-12-08,130702320.56
2011-12-09,146410690.46
2011-12-10,148014915.54
2011-12-11,124400056.2
2011-12-12,130995122.94
2011-12-13,136893703.95
2011-12-14,148226611.22
2011-12-15,154537944.9
2011-12-16,145645919.96
2011-12-17,136545294.32
2011-12-18,137817094.83
2011-12-19,139292443.06
2011-12-20,141616057.68
2011-12-21,148211733.19
2011-12-22,141105558.65
2011-12-23,151146374.65
2011-12-24,156007904.98
2011-12-25,149131157.17
2011-12-26,133300234.52
2011-12-27,136840285.92
2011-12-28,136331693.09
2011-12-29,136697507.6
2011-12-30,154871534.51
2011-12-31,138639661.78
2012-01-01,140852531.41
2012-01-02,126331397.03
2012-01-03,138314123.38
2012-01-04,148667662.15
2012-01-05,152567968.14
2012-01-06,130565053.16
2012-01-07,138073261.59
2012-01-08,145450394.94
2012-01-09,150005480.09
2012-01-10,143799306.74
2012-01-11,139030823.45
2012-01-12,141193879.8
2012-01-13,143965891.61
2012-01-14,139256958.03
2012-01-15,154202357.28
2012-01-16,141971335.83
2012-01-17,139383777.29
2012-01-18,153562748.42
2012-01-19,145186876.72
2012-01-20,149484221.27
2012-01-21,145910063.51
2012-01-22,133589380.76
2012-01-23,153260691.65
2012-01-24,129707655.97
2012-01-25,153376710.28
2012-01-26,135848345.98
2012-01-27,119170017.38
2012-01-28,143382290.53
2012-01-29,155913147.8
2012-01-30,127362793.17999999
2012-01-31,132470438.9
2012-02-01,128840149.07
2012-02-02,152436103.84
2012-02-03,150292163.53
2012-02-04,150605274.09
2012-02-05,136830836.62
2012-02-06,144483128.33
2012-02-07,158544731.2
2012-02-08,150089441.91
2012-02-09,151211947.67
2012-02-10,138023779.65
2012-02-11,135100979.22
2012-02-12,149261731.64
2012-02-13,129679067.03
2012-02-14,140643701.17
2012-02-15,125841665.79
2012-02-16,144834994.51
2012-02-17,136092681.32
2012-02-18,146748379.3
2012-02-19,137289659.53
2012-02-20,132715669.69
2012-02-21,124640756.71
2012-02-22,148710096.15
2012-02-23,140174834.93
2012-02-24,131090257.14
2012-02-25,149782983.14000002
2012-02-26,119308875.4
2012-02-27,141966697.01
2012-02-28,159843994.97
2012-02-29,128383431.06
2012-03-01,147407814.60999998
2012-03-02,130590431.62
2012-03-03,154884486.02
2012-03-04,129513774.48
2012-03-05,145350985.96
2012-03-06,133784396.97
2012-03-07,129357350.28
2012-03-08,151338123.46
2012-03-09,133413466.53
2012-03-10,153225740.08
2012-03-11,149248544.9
2012-03-12,133921023.41
2012-03-13,133720588.0
2012-03-14,144333917.5
2012-03-15,147487355.06
2012-03-16,128941685.62
2012-03-17,150603854.36
2012-03-18,121467374.37
2012-03-19,128309779.95
2012-03-20,144337261.37
2012-03-21,150151925.25
2012-03-22,141344216.12
2012-03-23,139102465.43
2012-03-24,132426820.39
2012-03-25,155222560.45
2012-03-26,149072838.63
2012-03-27,142911662.66
2012-03-28,146708773.92
2012-03-29,147738386.4
2012-03-30,144818072.61
2012-03-31,140499911.51
2012-04-01,142958999.14
2012-04-02,128201806.85
2012-04-03,144774435.15
2012-04-04,145619785.86
2012-04-05,136925554.58
2012-04-06,151341710.28
2012-04-07,132856927.68
2012-04-08,143894823.93
2012-04-09,136357461.58
2012-04-10,140706401.37
2012-04-11,141594289.02
2012-04-12,150510500.59
2012-04-13,134361616.64
2012-04-14,148266192.2
2012-04-15,141871070.09
2012-04-16,142782834.27
2012-04-17,136384098.60999998
2012-04-18,139616783.92
2012-04-19,154153900.95
2012-04-20,150399902.5
2012-04-21,152298118.24
2012-04-22,140806872.59
2012-04-23,123082875.09
2012-04-24,155422573.01
2012-04-25,136031913.46
2012-04-26,137748920.34
2012-04-27,149392443.29
2012-04-28,138689152.47
2012-04-29,136977471.91
2012-04-30,124089550.56
2012-05-01,145344625.46
2012-05-02,140890964.99
2012-05-03,133169732.28
2012-05-04,154052305.65
2012-05-05,137988698.28
2012-05-06,127371059.4
2012-05-07,136132488.86
2012-05-08,128776004.06
2012-05-09,141788056.42
2012-05-10,150689367.92
2012-05-11,148698359.63
2012-05-12,129714809.33
2012-05-13,147247899.76
2012-05-14,143499615.15
2012-05-15,141360109.5
2012-05-16,149410337.81
2012-05-17,140988427.7
2012-05-18,148633974.83
2012-05-19,150355175.29
2012-05-20,145608758.28
2012-05-21,130086665.41
2012-05-22,151733269.04
2012-05-23,154479564.38
2012-05-24,137085776.6
2012-05-25,134782983.15
2012-05-26,158239385.09
2012-05-27,137260503.78
2012-05-28,140223514.0
2012-05-29,137578653.95
2012-05-30,138119238.61
2012-05-31,154260438.19
2012-06-01,128766002.84
2012-06-02,147307624.04
2012-06-03,133414767.11
2012-06-04,149659732.96
2012-06-05,149139433.21
2012-06-06,133180914.56
2012-06-07,150926536.0
2012-06-08,157990593.02
2012-06-09,153437027.37
2012-06-10,130698213.97
2012-06-11,125164542.85
2012-06-12,135127151.05
2012-06-13,124641248.23
2012-06-14,152623532.16
2012-06-15,140183268.5
2012-06-16,126850618.47
2012-06-17,126781491.63
2012-06-18,141299341.0
2012-06-19,152615351.77
2012-06-20,154065579.05
2012-06-21,126625900.05
2012-06-22,137606628.65
2012-06-23,145836053.49
2012-06-24,136814293.53
2012-06-25,156629073.67
2012-06-26,147160188.3
2012-06-27,148163627.2
2012-06-28,147023286.64
2012-06-29,141996521.06
2012-06-30,144464256.52
2012-07-01,148611116.59
2012-07-02,136246749.52
2012-07-03,147036670.25
2012-07-04,142906557.75
2012-07-05,137853647.95
2012-07-06,149016612.04
2012-07-07,142644918.32
2012-07-08,142220887.6
2012-07-09,130577473.69
2012-07-10,149695295.01
2012-07-11,141267948.15
2012-07-12,154984488.53
2012-07-13,149803128.32
2012-07-14,160054921.36
2012-07-15,151615508.9
2012-07-16,125365950.47
2012-07-17,127479422.42999999
2012-07-18,134941948.6
2012-07-19,132589189.94
2012-07-20,140906609.32
2012-07-21,152555669.51
2012-07-22,134195038.28
2012-07-23,147345983.52
2012-07-24,146248949.01
2012-07-25,130410006.62
2012-07-26,153722425.36
2012-07-27,144698940.79
2012-07-28,148271111.24
2012-07-29,155433057.88
2012-07-30,142085591.76
2012-07-31,148759790.46
2012-08-01,142561990.07
2012-08-02,159358040.94
2012-08-03,144736829.08
2012-08-04,142416708.96
2012-08-05,124993855.63
2012-08-06,136598383.26
2012-08-07,132897545.12
2012-08-08,121654983.79
2012-08-09,152287096.1
2012-08-10,148388356.56
2012-08-11,152972692.65
2012-08-12,139256923.35
2012-08-13,136418342.55
2012-08-14,139820467.0
2012-08-15,126962586.82
2012-08-16,152195587.29
2012-08-17,138789652.44
2012-08-18,151988484.65
2012-08-19,135803519.5
2012-08-20,132867857.59
2012-08-21,142224757.5
2012-08-22,134330801.74
2012-08-23,145595093.48
2012-08-24,132153720.71
2012-08-25,128619020.0
2012-08-26,151296627.9
2012-08-27,138971398.78
2012-08-28,143219889.26
2012-08-29,137906724.05
2012-08-30,126667315.2
2012-08-31,144936747.59
2012-09-01,145806585.4
2012-09-02,131681346.48
2012-09-03,142579032.47
2012-09-04,135969359.41
2012-09-05,123696518.49
2012-09-06,143979435.36
2012-09-07,126020874.61
2012-09-08,129903676.01
2012-09-09,142604953.2
2012-09-10,140869515.21
2012-09-11,146892431.24
2012-09-12,137910964.83
2012-09-13,135893056.37
2012-09-14,137422195.10999998
2012-09-15,136870302.04
2012-09-16,145538441.94
2012-09-17,121277421.33
2012-09-18,134895077.55
2012-09-19,139800475.05
2012-09-20,144825045.07
2012-09-21,161360328.68
2012-09-22,143282242.45
2012-09-23,136101580.46
2012-09-24,131423270.33
2012-09-25,142850121.87
2012-09-26,136506059.5
2012-09-27,140602856.91
2012-09-28,177159594.87
2012-09-29,135150470.47
2012-09-30,137276286.22
2012-10-01,139105502.82
2012-10-02,170281702.77
2012-10-03,149715877.53
2012-10-04,139424105.95
2012-10-05,123067872.89
2012-10-06,137276296.81
2012-10-07,156093536.62
2012-10-08,131670236.74
2012-10-09,147044173.98
2012-10-10,142999030.44
2012-10-11,141243399.38
2012-10-12,126249500.72
2012-10-13,127516197.15
2012-10-14,113845299.02
2012-10-15,143456117.4
2012-10-16,151486474.01
2012-10-17,147406710.42
2012-10-18,133803091.04
2012-10-19,128828778.41
2012-10-20,146466267.83
2012-10-21,158711157.83
2012-10-22,150407777.16
2012-10-23,169640766.16
2012-10-24,143914959.72
2012-10-25,131775101.42
2012-10-26,129160113.16
2012-10-27,139904591.54
2012-10-28,133357767.76
2012-10-29,123575619.39
2012-10-30,143120201.32
2012-10-31,154764502.09
2012-11-01,148067872.46
2012-11-02,132802821.06
2012-11-03,141108541.58
2012-11-04,131376790.18
2012-11-05,146013868.95
2012-11-06,135029987.41
2012-11-07,152942563.54
2012-11-08,142979976.95
2012-11-09,146029082.35
2012-11-10,139183651.0
2012-11-11,137629679.13
2012-11-12,136417658.05
2012-11-13,148812812.58
2012-11-14,137785572.75
2012-11-15,138820167.75
2012-11-16,137443334.07
2012-11-17,122904203.4
2012-11-18,136171234.32
2012-11-19,135981582.05
2012-11-20,135213867.74
2012-11-21,152140269.4
2012-11-22,155253419.89
2012-11-23,140451389.72
2012-11-24,153518807.83
2012-11-25,134868911.05
2012-11-26,124480750.24
2012-11-27,136077494.04
2012-11-28,149344385.55
2012-11-29,135331585.84
2012-11-30,151213275.33
2012-12-01,133041247.16
2012-12-02,142016954.29
2012-12-03,151986365.5
2012-12-04,130801520.11
2012-12-05,132940419.42999999
2012-12-06,144829234.15
2012-12-07,125462905.61
2012-12-08,129570779.93
2012-12-09,140588990.79
2012-12-10,125179198.07
2012-12-11,135486185.18
2012-12-12,139679858.75
2012-12-13,145936879.91
2012-12-14,140750953.2
2012-12-15,138119652.11
2012-12-16,142019864.78
2012-12-17,139651661.02
2012-12-18,147153180.97
2012-12-19,133806369.33
2012-12-20,139682758.25
2012-12-21,147699742.03
2012-12-22,150547387.84
2012-12-23,153983173.57999998
2012-12-24,138779193.74
2012-12-25,150778353.99
2012-12-26,133298101.88
2012-12-27,139860879.78
2012-12-28,140676430.42
2012-12-29,132460877.12
2012-12-30,138048719.99
2012-12-31,135808700.68
2013-01-01,127000188.83
2013-01-02,137431317.12
2013-01-03,130084418.09
2013-01-04,142264364.77
2013-01-05,139107295.88
2013-01-06,147653013.01
2013-01-07,149045045.2
2013-01-08,148431434.45
2013-01-09,142973282.88
2013-01-10,145274236.31
2013-01-11,141289991.18
2013-01-12,157781177.36
2013-01-13,123662102.72
2013-01-14,137708943.52
2013-01-15,152945408.09
2013-01-16,144008941.75
2013-01-17,144184145.29
2013-01-18,138507332.85999998
2013-01-19,137942240.0
2013-01-20,132040283.4
2013-01-21,140019937.99
2013-01-22,144375644.67
2013-01-23,158507314.56
2013-01-24,145934382.32
2013-01-25,135551380.85
2013-01-26,157490678.68
2013-01-27,151169015.96
2013-01-28,147088680.79
2013-01-29,158066466.29
2013-01-30,147785169.3
2013-01-31,149192254.78
2013-02-01,146096790.04
2013-02-02,144980976.9
2013-02-03,142929278.37
2013-02-04,153125945.33
2013-02-05,130284629.03
2013-02-06,146307148.99
2013-02-07,148482036.44
2013-02-08,138880850.99
2013-02-09,142313916.65
2013-02-10,130604572.86
2013-02-11,137076257.44
2013-02-12,138124329.45
2013-02-13,143059807.58
2013-02-14,131670343.88
2013-02-15,154620367.07
2013-02-16,156013593.61
2013-02-17,147445070.18
2013-02-18,160931486.18
2013-02-19,142493048.72
2013-02-20,136460012.45
2013-02-21,134779385.43
2013-02-22,144479349.9
2013-02-23,148168003.9
2013-02-24,138348609.89
2013-02-25,151964603.25
2013-02-26,168266119.56
2013-02-27,140636306.66
2013-02-28,135436786.84
2013-03-01,146079177.02
2013-03-02,125027521.92999999
2013-03-03,155674041.83
2013-03-04,156391757.12
2013-03-05,153447861.99
2013-03-06,123608955.03
2013-03-07,133551627.39
2013-03-08,152859461.52
2013-03-09,144549853.49
2013-03-10,133012927.23
2013-03-11,138083348.73
2013-03-12,146184860.79
2013-03-13,147861020.99
2013-03-14,147456405.46
2013-03-15,134848377.44
2013-03-16,141487574.31
2013-03-17,148692132.74
2013-03-18,150432491.57
2013-03-19,145865264.89
2013-03-20,141681379.45
2013-03-21,133795261.23
2013-03-22,150238729.7
2013-03-23,142676391.87
2013-03-24,143568919.92
2013-03-25,143264021.59
2013-03-26,138303917.28
2013-03-27,141412381.99
2013-03-28,144112086.6
2013-03-29,155598777.48
2013-03-30,137350206.73
2013-03-31,135541427.31
2013-04-01,129145723.09
2013-04-02,151067282.63
2013-04-03,152538496.16
2013-04-04,127937270.21
2013-04-05,128779517.85
2013-04-06,140876847.32
2013-04-07,144149710.54
2013-04-08,140640491.12
2013-04-09,132775347.71
2013-04-10,154986390.88
2013-04-11,142530403.1
2013-04-12,133068453.85
2013-04-13,140385494.1
2013-04-14,144025986.2
2013-04-15,128359217.89
2013-04-16,145086159.74
2013-04-17,142868483.79
2013-04-18,131178792.26
2013-04-19,142562328.1
2013-04-20,131179630.45
2013-04-21,140746241.58
2013-04-22,136306457.06
2013-04-23,147514290.91
2013-04-24,148834223.89
2013-04-25,136676576.52
2013-04-26,145345237.15
2013-04-27,151211184.43
2013-04-28,144002512.37
2013-04-29,135894395.87
2013-04-30,149794393.62
2013-05-01,147508644.3
2013-05-02,147105642.58
2013-05-03,146650006.93
2013-05-04,145191872.92
2013-05-05,144077698.15
2013-05-06,141131891.21
2013-05-07,139979517.04
2013-05-08,134643198.06
2013-05-09,138232329.9
2013-05-10,135579921.03
2013-05-11,143606635.81
2013-05-12,152611527.02
2013-05-13,156476553.29
2013-05-14,145160916.92
2013-05-15,128874630.09
2013-05-16,149828985.7
2013-05-17,129499283.75
2013-05-18,150275818.78
2013-05-19,143826629.06
2013-05-20,131246430.02
2013-05-21,133300541.61
2013-05-22,161435345.35
2013-05-23,144777467.13
2013-05-24,139940432.88
2013-05-25,152919550.56
2013-05-26,150172480.89
2013-05-27,135976893.03
2013-05-28,154506470.25
2013-05-29,149821180.16
2013-05-30,140393199.4
2013-05-31,138729291.87
2013-06-01,133527434.77
2013-06-02,142211378.98
2013-06-03,135855743.51
2013-06-04,124018096.03
2013-06-05,138162676.4
2013-06-06,139807217.42
2013-06-07,139057427.46
2013-06-08,137031337.92
2013-06-09,142705674.31
2013-06-10,141813516.26
2013-06-11,137859583.39
2013-06-12,134925520.16
2013-06-13,135600725.3
2013-06-14,124361857.39
2013-06-15,143883302.15
2013-06-16,131032812.96
2013-06-17,131442133.87
2013-06-18,141978899.83
2013-06-19,124100986.1
2013-06-20,133059536.99
2013-06-21,131120502.4
2013-06-22,143059737.2
2013-06-23,142950855.16
2013-06-24,127734230.5
2013-06-25,130275675.48
2013-06-26,148810475.46
2013-06-27,155501905.46
2013-06-28,136093569.38
2013-06-29,146386799.09
2013-06-30,141478746.95
2013-07-01,149154731.5
2013-07-02,140611690.43
2013-07-03,125629349.73
2013-07-04,148982308.43
2013-07-05,132045109.14
2013-07-06,128964911.47
2013-07-07,161141346.92
2013-07-08,146906096.7
2013-07-09,121786667.82000001
2013-07-10,131777809.84
2013-07-11,135439850.95
2013-07-12,143072521.38
2013-07-13,143322226.01
2013-07-14,144720906.32
2013-07-15,141241248.36
2013-07-16,137549568.42
2013-07-17,133163028.72
2013-07-18,151675468.35999998
2013-07-19,139626156.21
2013-07-20,147711765.1
2013-07-21,142618324.86
2013-07-22,122443620.06
2013-07-23,135279276.83
2013-07-24,140385442.52
2013-07-25,133090222.45
2013-07-26,152090822.9
2013-07-27,149890198.05
2013-07-28,131920510.16
2013-07-29,154694662.82
2013-07-30,133307613.26
2013-07-31,142844981.19
2013-08-01,148835106.8
2013-08-02,125298851.5
2013-08-03,124860725.85
2013-08-04,153441313.06
2013-08-05,149094974.84
2013-08-06,151611796.23
2013-08-07,135466714.3
2013-08-08,150551150.98
2013-08-09,146206510.54
2013-08-10,140754955.49
2013-08-11,137972249.94
2013-08-12,142351112.06
2013-08-13,139847198.04
2013-08-14,154315709.63
2013-08-15,133930679.81
2013-08-16,151477450.37
2013-08-17,142219841.60999998
2013-08-18,136835810.13
2013-08-19,153598062.35
2013-08-20,144584971.28
2013-08-21,134155618.78
2013-08-22,139943517.02
2013-08-23,153756322.76
2013-08-24,147599818.03
2013-08-25,135423781.1
2013-08-26,144152435.91
2013-08-27,141291773.37
2013-08-28,147795644.59
2013-08-29,161474314.11
2013-08-30,144453223.15
2013-08-31,134528727.02
2013-09-01,141292317.25
2013-09-02,132377746.66
2013-09-03,133075611.24
2013-09-04,149394447.86
2013-09-05,144066052.09
2013-09-06,143459643.68
2013-09-07,143873614.87
2013-09-08,138211289.72
2013-09-09,141086762.22
2013-09-10,153216522.44
2013-09-11,141477980.41
2013-09-12,130854254.57
2013-09-13,139116762.68
2013-09-14,150764052.66
2013-09-15,143619444.64000002
2013-09-16,136750819.13
2013-09-17,155373531.15
2013-09-18,141194978.22
2013-09-19,148028911.79
2013-09-20,127394101.76
2013-09-21,144626431.31
2013-09-22,138266102.24
2013-09-23,162537903.11
2013-09-24,151896654.32
2013-09-25,132654399.93
2013-09-26,153945173.91
2013-09-27,152409922.69
2013-09-28,155854780.69
2013-09-29,153780205.19
2013-09-30,136767374.12
2013-10-01,155959383.95
2013-10-02,143637173.48
2013-10-03,145341791.4
2013-10-04,154357982.92
2013-10-05,140212717.76
2013-10-06,147854602.67
2013-10-07,163331250.60999998
2013-10-08,133006072.48
2013-10-09,142075757.11
2013-10-10,142152266.52
2013-10-11,144223221.75
2013-10-12,147208354.78
2013-10-13,147059973.4
2013-10-14,150268520.76
2013-10-15,144837081.18
2013-10-16,150519969.27
2013-10-17,133431149.65
2013-10-18,154228582.68
2013-10-19,126368197.52
2013-10-20,150321851.19
2013-10-21,160472572.39000002
2013-10-22,122215772.9
2013-10-23,146068699.94
2013-10-24,135200087.6
2013-10-25,147790174.17
2013-10-26,138358118.73
2013-10-27,135158387.71
2013-10-28,156996966.17
2013-10-29,162126771.09
2013-10-30,158239202.9
2013-10-31,143501950.3
2013-11-01,148622102.59
2013-11-02,147858502.57
2013-11-03,133576188.64
2013-11-04,160430545.68
2013-11-05,128560398.96
2013-11-06,151811455.15
2013-11-07,152687495.95
2013-11-08,135880484.3
2013-11-09,139505628.31
2013-11-10,139416390.93
2013-11-11,143489136.36
2013-11-12,153079177.0
2013-11-13,149548787.98
2013-11-14,139959257.03
2013-11-15,149876175.38
2013-11-16,136248727.93
2013-11-17,155071447.44
2013-11-18,145481467.27
2013-11-19,163996289.27
2013-11-20,152317416.23
2013-11-21,130933227.82000001
2013-11-22,135615481.13
2013-11-23,132092706.09
2013-11-24,142420767.14
2013-11-25,138087312.34
2013-11-26,148501886.41
2013-11-27,129415726.33
2013-11-28,124980752.54
2013-11-29,134741372.6
2013-11-30,136297130.49
2013-12-01,134245303.4
2013-12-02,137821002.24
2013-12-03,128119697.44
2013-12-04,155377826.86
2013-12-05,150942696.27
2013-12-06,147338593.08
2013-12-07,147399053.10999998
2013-12-08,131910240.8
2013-12-09,139451413.57
2013-12-10,141340725.23
2013-12-11,140845306.56
2013-12-12,132639459.1
2013-12-13,139445829.49
2013-12-14,140104631.48
2013-12-15,134123091.78
2013-12-16,131759261.27
2013-12-17,143064668.69
2013-12-18,136447650.16
2013-12-19,154874643.81
2013-12-20,153005292.61
2013-12-21,132868171.92
2013-12-22,121204045.88
2013-12-23,142344290.76
2013-12-24,142386352.89
2013-12-25,157842567.51
2013-12-26,153545383.07
2013-12-27,127889927.46
2013-12-28,140241370.99
2013-12-29,142718645.7
2013-12-30,130085273.29
2013-12-31,139827988.15
2014-01-01,157546829.7
2014-01-02,143922214.82
2014-01-03,142300179.64
2014-01-04,147947310.38
2014-01-05,147156326.45
2014-01-06,124844003.51
2014-01-07,137295973.11
2014-01-08,151842281.27
2014-01-09,129971328.44
2014-01-10,133172478.52
2014-01-11,118565941.87
2014-01-12,133517992.12
2014-01-13,150094246.57
2014-01-14,137552698.89000002
2014-01-15,148847402.11
2014-01-16,156957996.27
2014-01-17,130854180.72
2014-01-18,141374533.85999998
2014-01-19,129902388.64
2014-01-20,145061303.65
2014-01-21,135968757.64000002
2014-01-22,148097937.07
2014-01-23,137091838.75
2014-01-24,145363584.0
2014-01-25,149431460.09
2014-01-26,135132964.64
2014-01-27,138856717.97
2014-01-28,144057200.66
2014-01-29,131988283.17
2014-01-30,142823318.36
2014-01-31,140415189.1
2014-02-01,140592152.52
2014-02-02,138576033.42
2014-02-03,137479864.58
2014-02-04,140095241.09
2014-02-05,131467140.34
2014-02-06,131938541.42999999
2014-02-07,149394831.92
2014-02-08,145493234.82
2014-02-09,151551061.11
2014-02-10,143880149.77
2014-02-11,152566155.48
2014-02-12,144479955.97
2014-02-13,147943078.89
2014-02-14,131747812.76
2014-02-15,140569757.59
2014-02-16,127503090.4
2014-02-17,147368575.67
2014-02-18,140284214.33
2014-02-19,156239917.12
2014-02-20,141662676.04
2014-02-21,147259554.53
2014-02-22,132402446.91
2014-02-23,132509003.44
2014-02-24,145685730.76
2014-02-25,138413834.0
2014-02-26,134634264.04
2014-02-27,143291464.38
2014-02-28,134014301.45
2014-03-01,150291146.92
2014-03-02,152994462.82
2014-03-03,138003710.62
2014-03-04,139521017.47
2014-03-05,140059264.8
2014-03-06,137914846.67
2014-03-07,129360764.51
2014-03-08,143807136.33
2014-03-09,148005614.61
2014-03-10,146608455.53
2014-03-11,131378998.78
2014-03-12,156051482.33
2014-03-13,135184027.68
2014-03-14,134208542.8
2014-03-15,148585549.56
2014-03-16,137303463.96
2014-03-17,149227394.96
2014-03-18,139834808.2
2014-03-19,142604119.29
2014-03-20,141993429.88
2014-03-21,150457050.78
2014-03-22,144566869.08
2014-03-23,127763738.36
2014-03-24,139350715.35
2014-03-25,137057831.07
2014-03-26,150557642.21
2014-03-27,146915388.05
2014-03-28,138122923.27
2014-03-29,142681801.05
2014-03-30,152897473.93
2014-03-31,132731598.95
2014-04-01,135242240.74
2014-04-02,154716249.88
2014-04-03,143655428.21
2014-04-04,146368310.29
2014-04-05,155605532.15
2014-04-06,132535003.1
2014-04-07,146786742.1
2014-04-08,125542129.97
2014-04-09,151768330.59
2014-04-10,156099380.26
2014-04-11,136124328.03
2014-04-12,142271818.18
2014-04-13,126868288.6
2014-04-14,134803965.05
2014-04-15,136560588.95
2014-04-16,136654519.7
2014-04-17,146121740.04
2014-04-18,133809271.83
2014-04-19,151799353.49
2014-04-20,155810934.51
2014-04-21,149058966.17
2014-04-22,128568833.94
2014-04-23,127772760.02
2014-04-24,140723544.17
2014-04-25,132698065.75
2014-04-26,142885869.46
2014-04-27,138297023.41
2014-04-28,158029896.02
2014-04-29,152936412.91
2014-04-30,133126887.45
2014-05-01,146142274.54
2014-05-02,160719376.26
2014-05-03,145938092.47
2014-05-04,137543186.01
2014-05-05,136794558.54
2014-05-06,141504987.29
2014-05-07,149215528.16
2014-05-08,144688609.52
2014-05-09,138694630.75
2014-05-10,128944276.05
2014-05-11,145756924.48
2014-05-12,145572410.0
2014-05-13,149870770.32
2014-05-14,135061330.32
2014-05-15,161573191.02
2014-05-16,132912960.37
2014-05-17,129375501.2
2014-05-18,150265612.8
2014-05-19,137246686.5
2014-05-20,144043699.2
2014-05-21,139924810.69
2014-05-22,139879359.85
2014-05-23,143670277.64000002
2014-05-24,141193153.36
2014-05-25,143242789.79
2014-05-26,141470975.74
2014-05-27,134038884.42
2014-05-28,139980667.13
2014-05-29,158951360.38
2014-05-30,146466510.21
2014-05-31,137556563.24
2014-06-01,155335855.41
2014-06-02,154439528.09
2014-06-03,137831110.42
2014-06-04,150296183.39
2014-06-05,155564946.54
2014-06-06,157778430.13
2014-06-07,130831335.52
2014-06-08,162247486.69
2014-06-09,145589507.84
2014-06-10,135778087.34
2014-06-11,137715306.32
2014-06-12,130360951.4
2014-06-13,132406216.68
2014-06-14,153985117.24
2014-06-15,147639074.26
2014-06-16,156053032.55
2014-06-17,125115107.46
2014-06-18,155816155.82
2014-06-19,154431685.74
2014-06-20,144586921.32
2014-06-21,123777915.62
2014-06-22,147619238.19
2014-06-23,146254073.62
2014-06-24,147368433.16
2014-06-25,139054021.45
2014-06-26,142635442.66
2014-06-27,140971500.83
2014-06-28,121280332.22
2014-06-29,153857144.57
2014-06-30,145339175.54
2014-07-01,141024207.84
2014-07-02,143908521.37
2014-07-03,128401217.91
2014-07-04,130239148.58
2014-07-05,147747947.42
2014-07-06,140085983.08
2014-07-07,131606523.51
2014-07-08,145397285.15
2014-07-09,143270714.78
2014-07-10,150367144.95
2014-07-11,143515274.08
2014-07-12,147785235.15
2014-07-13,139214905.72
2014-07-14,151043605.26
2014-07-15,139844880.24
2014-07-16,141238214.16
2014-07-17,145957077.09
2014-07-18,137543971.39
2014-07-19,126839033.46
2014-07-20,123628293.1
2014-07-21,146345066.77
2014-07-22,129781575.43
2014-07-23,140127217.63
2014-07-24,133709670.38
2014-07-25,157815171.52
2014-07-26,138980652.86
2014-07-27,121126395.85
2014-07-28,139197973.51
2014-07-29,124233180.94
2014-07-30,153289662.17
2014-07-31,133619476.12
2014-08-01,123604182.16
2014-08-02,137176219.34
2014-08-03,149273373.61
2014-08-04,136358787.16
2014-08-05,137796838.42
2014-08-06,138101218.87
2014-08-07,135266982.66
2014-08-08,161456166.17
2014-08-09,150613235.75
2014-08-10,147009288.8
2014-08-11,141292852.76
2014-08-12,145175323.37
2014-08-13,152910694.44
2014-08-14,147044361.7
2014-08-15,139558936.01
2014-08-16,128453960.7
2014-08-17,128287929.07
2014-08-18,153033941.59
2014-08-19,150450421.34
2014-08-20,134588884.58
2014-08-21,138519448.41
2014-08-22,140935873.57
2014-08-23,139856166.3
2014-08-24,156762068.51
2014-08-25,150483860.18
2014-08-26,159220378.85
2014-08-27,145611726.13
2014-08-28,134761878.52
2014-08-29,137898395.15
2014-08-30,124639506.7
2014-08-31,135525569.95
2014-09-01,147849636.37
2014-09-02,138595602.32
2014-09-03,151437157.09
2014-09-04,134721576.65
2014-09-05,123199319.54
2014-09-06,147866449.61
2014-09-07,129138059.34
2014-09-08,127296207.2
2014-09-09,155736740.15
2014-09-10,130273594.57
2014-09-11,176330958.74
2014-09-12,137370165.43
2014-09-13,145684639.63
2014-09-14,148430105.94
2014-09-15,131784973.1
2014-09-16,143521994.47
2014-09-17,155685839.43
2014-09-18,128625034.41
2014-09-19,130619711.5
2014-09-20,143531213.99
2014-09-21,137199180.61
2014-09-22,142442674.43
2014-09-23,133994193.95
2014-09-24,135723944.49
2014-09-25,117731909.99
2014-09-26,128962756.52
2014-09-27,141019380.06
2014-09-28,151118922.12
2014-09-29,137620558.79
2014-09-30,135259204.36
2014-10-01,155856026.78
2014-10-02,134446488.18
2014-10-03,124299005.87
2014-10-04,150858934.12
2014-10-05,128405784.97
2014-10-06,159703913.17
2014-10-07,140748915.74
2014-10-08,159982507.78
2014-10-09,134094968.96
2014-10-10,161585855.05
2014-10-11,134011731.62
2014-10-12,141210370.5
2014-10-13,131205011.33
2014-10-14,144276012.74
2014-10-15,143805332.57
2014-10-16,144834777.8
2014-10-17,141824472.11
2014-10-18,133655055.41
2014-10-19,143728113.32
2014-10-20,141526766.49
2014-10-21,163462014.62
2014-10-22,147117843.4
2014-10-23,129809177.84
2014-10-24,131911387.96000001
2014-10-25,142728901.42
2014-10-26,129233134.0
2014-10-27,134530117.89
2014-10-28,145887164.48
2014-10-29,139079630.2
2014-10-30,135261666.17
2014-10-31,137798639.72
2014-11-01,157200976.64
2014-11-02,129454981.66
2014-11-03,123811089.28999999
2014-11-04,136579861.98
2014-11-05,143930024.13
2014-11-06,142042639.88
2014-11-07,132497250.74
2014-11-08,163035662.74
2014-11-09,136033501.29
2014-11-10,132441269.49
2014-11-11,146199023.39
2014-11-12,142539294.19
2014-11-13,148493396.68
2014-11-14,133799876.49
2014-11-15,138205131.28
2014-11-16,128345228.99
2014-11-17,142234308.28
2014-11-18,139335210.97
2014-11-19,156464143.28
2014-11-20,145576344.66
2014-11-21,143321344.73
2014-11-22,143043895.92
2014-11-23,135886659.36
2014-11-24,137659681.93
2014-11-25,133287247.14
2014-11-26,145194167.68
2014-11-27,139820112.9
2014-11-28,141351391.41
2014-11-29,141125268.94
2014-11-30,126783595.57
2014-12-01,132229443.63
2014-12-02,144680565.52
2014-12-03,140720558.59
2014-12-04,134034953.65
2014-12-05,151414651.18
2014-12-06,122495459.37
2014-12-07,133829388.44
2014-12-08,144393409.57
2014-12-09,153810710.38
2014-12-10,139879652.66
2014-12-11,139190983.62
2014-12-12,139031719.48
2014-12-13,149452227.95
2014-12-14,130036805.64
2014-12-15,152827383.57999998
2014-12-16,148702285.85
2014-12-17,135315551.72
2014-12-18,128349144.47
2014-12-19,137774624.06
2014-12-20,151536419.2
2014-12-21,152247311.74
2014-12-22,155594100.46
2014-12-23,135274418.24
2014-12-24,139455516.52
2014-12-25,137068772.42
2014-12-26,153394335.28
2014-12-27,144678115.76
2014-12-28,110784295.79
2014-12-29,160566054.97
2014-12-30,143145696.84
2014-12-31,144305732.03
2015-01-01,139222704.12
2015-01-02,136070740.35
2015-01-03,141372356.78
2015-01-04,145570051.41
2015-01-05,133553940.78
2015-01-06,141016817.26
2015-01-07,140089947.38
2015-01-08,146090433.38
2015-01-09,125846812.48
2015-01-10,148241620.55
2015-01-11,133146528.2
2015-01-12,143749142.32
2015-01-13,127567410.67999999
2015-01-14,133671286.75
2015-01-15,137665278.58
2015-01-16,160235616.37
2015-01-17,134983293.19
2015-01-18,137605517.43
2015-01-19,140065510.98
2015-01-20,131811508.04
2015-01-21,138549562.23
2015-01-22,142022691.11
2015-01-23,145129552.38
2015-01-24,128133745.14
2015-01-25,156638170.97
2015-01-26,159730536.92
2015-01-27,134323563.67
2015-01-28,126230631.73
2015-01-29,143797699.83
2015-01-30,128996430.44
2015-01-31,129321649.79
2015-02-01,129117368.13
2015-02-02,134880304.91
2015-02-03,143274756.72
2015-02-04,145877589.28
2015-02-05,144247189.49
2015-02-06,130960537.17999999
2015-02-07,146692726.83
2015-02-08,144265820.69
2015-02-09,144038649.63
2015-02-10,142146520.52
2015-02-11,135525105.68
2015-02-12,146070166.45
2015-02-13,138629596.59
2015-02-14,145787261.93
2015-02-15,136530978.8
2015-02-16,137429927.83
2015-02-17,156713883.23
2015-02-18,150331711.12
2015-02-19,139255801.79
2015-02-20,143248542.17
2015-02-21,135272763.78
2015-02-22,133355442.8
2015-02-23,145587079.32
2015-02-24,139918367.17
2015-02-25,141064552.71
2015-02-26,140073489.53
2015-02-27,139949529.57
2015-02-28,146281364.83
2015-03-01,130100537.34
2015-03-02,123599603.29
2015-03-03,142331383.14
2015-03-04,140099020.25
2015-03-05,130128656.79
2015-03-06,148469934.75
2015-03-07,149990161.94
2015-03-08,143335402.92
2015-03-09,150269901.57
2015-03-10,148860877.38
2015-03-11,140569119.86
2015-03-12,140315669.01
2015-03-13,147093038.23
2015-03-14,129333609.09
2015-03-15,142967935.42
2015-03-16,122084438.37
2015-03-17,137392434.22
2015-03-18,127853987.13
2015-03-19,150483108.03
2015-03-20,154020455.02
2015-03-21,131943000.35
2015-03-22,140916005.2
2015-03-23,135783258.15
2015-03-24,143904187.6
2015-03-25,152576454.94
2015-03-26,130584180.94
2015-03-27,152266292.57
2015-03-28,139511838.86
2015-03-29,156494644.6
2015-03-30,141334416.05
2015-03-31,139357340.67
2015-04-01,145581252.99
2015-04-02,134196012.78
2015-04-03,144353627.42
2015-04-04,141464733.62
2015-04-05,132894843.74
2015-04-06,153934336.35
2015-04-07,140318623.96
2015-04-08,138427284.32
2015-04-09,135129166.07
2015-04-10,132235083.46
2015-04-11,131396563.96
2015-04-12,142343446.79
2015-04-13,158631410.34
2015-04-14,138715442.71
2015-04-15,139619701.01
2015-04-16,139080722.24
2015-04-17,132566820.03
2015-04-18,139422943.27
2015-04-19,144507242.6
2015-04-20,126820114.19
2015-04-21,134165119.98
2015-04-22,137435825.71
2015-04-23,143497858.09
2015-04-24,132372920.73
2015-04-25,138088658.25
2015-04-26,127015599.39
2015-04-27,127898192.53
2015-04-28,152457097.19
2015-04-29,140816152.34
2015-04-30,126930234.64
2015-05-01,148841395.34
2015-05-02,150655426.62
2015-05-03,139151628.4
2015-05-04,130065513.85
2015-05-05,147933751.10999998
2015-05-06,145644734.24
2015-05-07,152667765.43
2015-05-08,149341456.01
2015-05-09,136635715.67
2015-05-10,145483112.07
2015-05-11,153453692.04
2015-05-12,139618935.68
2015-05-13,143888383.42
2015-05-14,135393787.44
2015-05-15,154804248.63
2015-05-16,150727235.13
2015-05-17,141075944.86
2015-05-18,147485024.95
2015-05-19,152936684.7
2015-05-20,133547106.29
2015-05-21,133929834.7
2015-05-22,138031698.9
2015-05-23,143176578.1
2015-05-24,140589969.23
2015-05-25,142176242.45
2015-05-26,133621845.57000001
2015-05-27,127473059.78
2015-05-28,131028110.95
2015-05-29,139741817.55
2015-05-30,144682384.66
2015-05-31,142992281.02
2015-06-01,161389775.19
2015-06-02,141925062.01
2015-06-03,129321310.85
2015-06-04,129791491.11
2015-06-05,156927788.91
2015-06-06,150906153.69
2015-06-07,146114181.05
2015-06-08,148260589.87
2015-06-09,147941245.26
2015-06-10,148049331.45
2015-06-11,142110346.74
2015-06-12,153800950.32
2015-06-13,143403266.37
2015-06-14,131290580.3
2015-06-15,154280310.21
2015-06-16,146789349.16
2015-06-17,147053902.9
2015-06-18,134463855.77
2015-06-19,139493570.24
2015-06-20,127926670.4
2015-06-21,160332140.46
2015-06-22,139164013.4
2015-06-23,124262067.15
2015-06-24,137385942.2
2015-06-25,133761304.06
2015-06-26,131707025.56
2015-06-27,147608981.07
2015-06-28,119383107.96
2015-06-29,129597701.37
2015-06-30,146324906.15
2015-07-01,160878100.32
2015-07-02,150884624.59
2015-07-03,142794641.47
2015-07-04,151075761.1
2015-07-05,134244847.73
2015-07-06,141090300.72
2015-07-07,140608976.15
2015-07-08,139083818.01
2015-07-09,142946139.96
2015-07-10,147160738.25
2015-07-11,134609598.81
2015-07-12,136440764.92
2015-07-13,141286045.21
2015-07-14,146187459.57
2015-07-15,139209255.69
2015-07-16,128604980.78
2015-07-17,131535069.56
2015-07-18,149605151.99
2015-07-19,135537793.97
2015-07-20,150553606.2
2015-07-21,160434870.73
2015-07-22,143602400.75
2015-07-23,150429361.24
2015-07-24,144959028.93
2015-07-25,140577450.15
2015-07-26,144542895.81
2015-07-27,138807619.14
2015-07-28,145910939.24
2015-07-29,144918261.87
2015-07-30,142752184.25
2015-07-31,155453467.67
2015-08-01,131976524.49
2015-08-02,134329749.25
2015-08-03,135375416.22
2015-08-04,132109864.39
2015-08-05,126006082.08
2015-08-06,142927334.26
2015-08-07,134815094.01
2015-08-08,127957068.6
2015-08-09,150078616.39
2015-08-10,136982824.44
2015-08-11,138484815.99
2015-08-12,145034931.06
2015-08-13,127251234.12
2015-08-14,141288035.53
2015-08-15,143579279.53
2015-08-16,149088595.6
2015-08-17,152507481.94
2015-08-18,149226347.72
2015-08-19,150210263.59
2015-08-20,146833001.56
2015-08-21,137627952.09
2015-08-22,141743901.87
2015-08-23,117837791.69
2015-08-24,151211799.96
2015-08-25,152164439.76
2015-08-26,132325262.97
2015-08-27,141440131.19
2015-08-28,130762623.84
2015-08-29,140160502.43
2015-08-30,157343382.31
2015-08-31,133303778.38
2015-09-01,138655514.89
2015-09-02,146863999.69
2015-09-03,142051843.56
2015-09-04,138943101.06
2015-09-05,141590106.92
2015-09-06,136690562.53
2015-09-07,140913665.45
2015-09-08,146976946.91
2015-09-09,151314247.7
2015-09-10,152621394.47
2015-09-11,149000727.13
2015-09-12,153010011.92
2015-09-13,156759896.08
2015-09-14,140131873.39
2015-09-15,138135522.56
2015-09-16,156677511.24
2015-09-17,127673169.31
2015-09-18,141637591.21
2015-09-19,149483392.54
2015-09-20,154567921.06
2015-09-21,139406711.63
2015-09-22,148118266.53
2015-09-23,151960770.2
2015-09-24,134841791.63
2015-09-25,144595618.35
2015-09-26,154233791.6
2015-09-27,127723717.76
2015-09-28,127837504.87
2015-09-29,132458316.66
2015-09-30,136982041.98
2015-10-01,125791672.95
2015-10-02,127760457.4
2015-10-03,130970975.04
2015-10-04,148565927.83
2015-10-05,154682599.18
2015-10-06,136072691.73
2015-10-07,130360750.7
2015-10-08,148577909.29
2015-10-09,135380947.51
2015-10-10,139478933.89000002
2015-10-11,143769720.39
2015-10-12,151021221.27
2015-10-13,135669699.34
2015-10-14,149092751.45
2015-10-15,154401660.89000002
2015-10-16,149643041.52
2015-10-17,127244264.85
2015-10-18,134149342.28999999
2015-10-19,136945604.35
2015-10-20,126655955.3
2015-10-21,160051787.31
2015-10-22,146821060.55
2015-10-23,140349782.64
2015-10-24,144541908.43
2015-10-25,139168598.21
2015-10-26,141649441.56
2015-10-27,148187298.76
2015-10-28,134998198.66
2015-10-29,135940870.95
2015-10-30,131585851.33
2015-10-31,138152724.87
2015-11-01,140904606.56
2015-11-02,134917090.01
2015-11-03,134938344.05
2015-11-04,143622288.35
2015-11-05,147147395.76
2015-11-06,137329655.26
2015-11-07,148568316.13
2015-11-08,140673647.21
2015-11-09,147295074.67
2015-11-10,148254173.18
2015-11-11,128278558.67
2015-11-12,146537866.97
2015-11-13,134999218.43
2015-11-14,135537045.83
2015-11-15,138207424.9
2015-11-16,138814989.81
2015-11-17,144214164.44
2015-11-18,140799520.05
2015-11-19,125572472.02
2015-11-20,146623565.29
2015-11-21,144208959.09
2015-11-22,149972198.37
2015-11-23,146904083.18
2015-11-24,129920245.73
2015-11-25,128544329.56
2015-11-26,153634985.07
2015-11-27,137341067.03
2015-11-28,148001591.85
2015-11-29,133363015.03
2015-11-30,143067305.1
2015-12-01,149491776.96
2015-12-02,142558264.93
2015-12-03,144691902.79
2015-12-04,141336068.75
2015-12-05,147938196.99
2015-12-06,139657508.42
2015-12-07,125711929.53
2015-12-08,164836786.31
2015-12-09,160527640.39
2015-12-10,147381542.01
2015-12-11,135425373.58
2015-12-12,145675818.62
2015-12-13,139575740.12
2015-12-14,141724274.69
2015-12-15,127699799.14
2015-12-16,146830427.81
2015-12-17,133238342.17
2015-12-18,145603463.46
2015-12-19,137734096.91
2015-12-20,157588200.4
2015-12-21,130626735.72
2015-12-22,145770986.45
2015-12-23,158074111.24
2015-12-24,133639903.69
2015-12-25,151662583.87
2015-12-26,145920757.84
2015-12-27,141046390.38
2015-12-28,134574391.38
2015-12-29,139167904.56
2015-12-30,155202515.14000002
2015-12-31,144756657.62
2016-01-01,146422657.69
2016-01-02,157048910.73
2016-01-03,129172059.8
2016-01-04,152993438.24
2016-01-05,150739490.63
2016-01-06,139062049.69
2016-01-07,139908677.16
2016-01-08,141596596.1
2016-01-09,146439148.18
2016-01-10,122162021.95
2016-01-11,149641907.47
2016-01-12,130803172.02
2016-01-13,146837331.38
2016-01-14,157875075.93
2016-01-15,135469952.33
2016-01-16,152804580.58
2016-01-17,155585240.52
2016-01-18,146026968.08
2016-01-19,134643266.7
2016-01-20,140362278.79
2016-01-21,132519219.57
2016-01-22,147183444.61
2016-01-23,152153633.02
2016-01-24,133976741.12
2016-01-25,131373606.23
2016-01-26,131551951.56
2016-01-27,132621525.21
2016-01-28,135472169.22
2016-01-29,135508246.89
2016-01-30,142726039.89
2016-01-31,144134371.68
2016-02-01,136641649.1
2016-02-02,145824237.61
2016-02-03,142945379.58
2016-02-04,138727276.51
2016-02-05,150066036.94
2016-02-06,153849737.42
2016-02-07,157853067.49
2016-02-08,151710279.18
2016-02-09,140282645.9
2016-02-10,150691610.11
2016-02-11,134790779.93
2016-02-12,140917315.23
2016-02-13,152717278.15
2016-02-14,147485049.07
2016-02-15,115209666.85
2016-02-16,147139399.01
2016-02-17,131656976.52
2016-02-18,143348237.5
2016-02-19,136484822.72
2016-02-20,139515480.86
2016-02-21,138784068.81
2016-02-22,130183239.52
2016-02-23,145277334.69
2016-02-24,163738649.44
2016-02-25,161771423.94
2016-02-26,135104072.82
2016-02-27,140074390.55
2016-02-28,130920470.41
2016-02-29,149204873.1
2016-03-01,136925668.04
2016-03-02,141300588.33
2016-03-03,144639593.52
2016-03-04,157936796.64000002
2016-03-05,131052091.85
2016-03-06,136153109.81
2016-03-07,137528008.74
2016-03-08,136556279.24
2016-03-09,151454882.98
2016-03-10,133413623.81
2016-03-11,141341561.39
2016-03-12,147042393.94
2016-03-13,160407124.82
2016-03-14,131297274.13
2016-03-15,154717088.51
2016-03-16,158074693.37
2016-03-17,138468498.01
2016-03-18,146272723.64000002
2016-03-19,147347145.28
2016-03-20,145495767.71
2016-03-21,137428094.78
2016-03-22,142357307.44
2016-03-23,149811694.72
2016-03-24,142605373.23
2016-03-25,144819792.84
2016-03-26,132762356.44
2016-03-27,142064850.13
2016-03-28,136614001.0
2016-03-29,138410553.81
2016-03-30,129524609.55
2016-03-31,147249872.25
2016-04-01,159682351.59
2016-04-02,127413465.97
2016-04-03,140928487.57
2016-04-04,143525882.10999998
2016-04-05,156145089.16
2016-04-06,146701811.41
2016-04-07,132066686.24
2016-04-08,133130303.45
2016-04-09,134117030.64
2016-04-10,141995244.88
2016-04-11,147300193.99
2016-04-12,151070140.54
2016-04-13,152719188.1
2016-04-14,134180543.81
2016-04-15,146295560.81
2016-04-16,151065428.8
2016-04-17,122809257.34
2016-04-18,145855134.27
2016-04-19,142665874.87
2016-04-20,148766454.21
2016-04-21,140347049.98
2016-04-22,128796381.88
2016-04-23,153990993.16
2016-04-24,134727382.58
2016-04-25,152290458.08
2016-04-26,135470544.77
2016-04-27,149438045.44
2016-04-28,140255383.55
2016-04-29,132064165.9
2016-04-30,156911556.44
2016-05-01,143567321.01
2016-05-02,145777203.29
2016-05-03,141290962.45
2016-05-04,142198907.5
2016-05-05,139046897.87
2016-05-06,157315064.5
2016-05-07,140422874.1
2016-05-08,158660483.42
2016-05-09,139677245.07
2016-05-10,144125046.51
2016-05-11,134533141.99
2016-05-12,133021795.49
2016-05-13,129650665.52
2016-05-14,142785224.35
2016-05-15,146165736.21
2016-05-16,153301833.3
2016-05-17,137808547.01
2016-05-18,137996137.27
2016-05-19,139951895.54
2016-05-20,146090817.55
2016-05-21,143501042.69
2016-05-22,142201710.89000002
2016-05-23,136812679.17
2016-05-24,148032080.61
2016-05-25,154273120.25
2016-05-26,132497042.51
2016-05-27,138267874.41
2016-05-28,138746731.67
2016-05-29,154714102.38
2016-05-30,158495557.91
2016-05-31,130225208.01
2016-06-01,142196558.25
2016-06-02,148462769.43
2016-06-03,148057681.03
2016-06-04,132283689.85
2016-06-05,141327601.92
2016-06-06,144367530.14
2016-06-07,146701082.24
2016-06-08,153087295.47
2016-06-09,151436958.42
2016-06-10,138823994.2
2016-06-11,129399676.53
2016-06-12,139781115.39000002
2016-06-13,130761575.44
2016-06-14,154912195.76
2016-06-15,164113125.19
2016-06-16,141329383.96
2016-06-17,134464764.8
2016-06-18,147529988.6
2016-06-19,151173964.93
2016-06-20,151413388.0
2016-06-21,138844125.45
2016-06-22,151663324.46
2016-06-23,162072766.01
2016-06-24,143102460.23
2016-06-25,146841202.06
2016-06-26,141932909.94
2016-06-27,143784746.66
2016-06-28,139714286.55
2016-06-29,137585118.75
2016-06-30,151934178.58
2016-07-01,137225414.96
2016-07-02,152796225.1
2016-07-03,132252616.27
2016-07-04,145026076.58
2016-07-05,129416249.39
2016-07-06,128917904.23
2016-07-07,136550791.78
2016-07-08,128802010.14
2016-07-09,139357401.85
2016-07-10,131347406.99
2016-07-11,148513346.95
2016-07-12,133907763.05
2016-07-13,132313488.48
2016-07-14,141577077.27
2016-07-15,163169492.29
2016-07-16,128263857.94
2016-07-17,140650465.04
2016-07-18,160140879.82
2016-07-19,149068044.56
2016-07-20,152613904.96
2016-07-21,144069435.09
2016-07-22,133538612.98
2016-07-23,137764960.81
2016-07-24,165289430.51
2016-07-25,132641540.59
2016-07-26,126253932.62
2016-07-27,138969469.35
2016-07-28,156583805.71
2016-07-29,136359961.65
2016-07-30,135396310.96
2016-07-31,130980707.67999999
2016-08-01,156322561.67
2016-08-02,160154877.39
2016-08-03,148113188.74
2016-08-04,152854888.3
2016-08-05,130340270.93
2016-08-06,144061530.6
2016-08-07,136736507.45
2016-08-08,146869043.36
2016-08-09,143307973.6
2016-08-10,134693791.46
2016-08-11,135367665.27
2016-08-12,131536140.54
2016-08-13,132275331.36
2016-08-14,147632789.69
2016-08-15,153737154.55
2016-08-16,152406018.1
2016-08-17,144849818.95
2016-08-18,131494990.09
2016-08-19,140185942.01
2016-08-20,150071518.03
2016-08-21,144057307.82
2016-08-22,138826057.75
2016-08-23,142610563.11
2016-08-24,137832427.48
2016-08-25,135095654.44
2016-08-26,151591530.60999998
2016-08-27,141981628.04
2016-08-28,155790912.24
2016-08-29,147368929.26
2016-08-30,135182427.53
2016-08-31,135555333.72
2016-09-01,164518260.11
2016-09-02,143566782.54
2016-09-03,143810876.83
2016-09-04,126701683.24
2016-09-05,144814599.0
2016-09-06,155363685.45
2016-09-07,142855975.8
2016-09-08,149636085.12
2016-09-09,134580998.81
2016-09-10,141415368.4
2016-09-11,130505210.71
2016-09-12,139846374.63
2016-09-13,139912572.56
2016-09-14,135053644.14
2016-09-15,139235372.88
2016-09-16,142310631.86
2016-09-17,137539361.83
2016-09-18,144852980.17
2016-09-19,141577000.53
2016-09-20,145208685.73
2016-09-21,133128576.02
2016-09-22,141494721.4
2016-09-23,146758787.43
2016-09-24,127003574.52
2016-09-25,144161547.64
2016-09-26,150902899.67
2016-09-27,158947200.27
2016-09-28,125518728.44
2016-09-29,138537152.99
2016-09-30,136804413.62
2016-10-01,141571945.43
2016-10-02,129568825.64
2016-10-03,163986261.72
2016-10-04,133592163.66
2016-10-05,135689158.02
2016-10-06,131460595.96
2016-10-07,147955959.76
2016-10-08,135161883.39
2016-10-09,139615860.49
2016-10-10,143354246.8
2016-10-11,137497001.09
2016-10-12,137909943.36
2016-10-13,136649212.71
2016-10-14,132779043.41
2016-10-15,150056512.78
2016-10-16,136686581.66
2016-10-17,130906572.17
2016-10-18,147067839.64
2016-10-19,148544558.09
2016-10-20,130156161.59
2016-10-21,146710619.12
2016-10-22,155524751.83
2016-10-23,146477781.54
2016-10-24,136174655.0
2016-10-25,144724809.37
2016-10-26,151755068.64
2016-10-27,160014165.28
2016-10-28,157146591.05
2016-10-29,141921502.19
2016-10-30,124774008.60000001
2016-10-31,155914334.35999998
2016-11-01,147450191.75
2016-11-02,129046562.63
2016-11-03,145251032.17
2016-11-04,157289401.1
2016-11-05,130351590.14
2016-11-06,129696206.54
2016-11-07,143359328.45
2016-11-08,154559037.15
2016-11-09,142851954.43
2016-11-10,158157414.78
2016-11-11,155684266.97
2016-11-12,130691231.86
2016-11-13,160735107.74
2016-11-14,131693834.56
2016-11-15,144154012.64
2016-11-16,161060968.17
2016-11-17,136226823.72
2016-11-18,140200261.36
2016-11-19,141307532.98
2016-11-20,130720356.59
2016-11-21,139642537.73
2016-11-22,153899421.10999998
2016-11-23,161640564.45
2016-11-24,140166246.81
2016-11-25,158818515.56
2016-11-26,150829485.84
2016-11-27,146067683.75
2016-11-28,148625012.91
2016-11-29,141256156.47
2016-11-30,147130901.76
2016-12-01,136730823.34
2016-12-02,136663230.41
2016-12-03,144802395.58
2016-12-04,136842215.55
2016-12-05,172479336.86
2016-12-06,147020037.54
2016-12-07,133390712.04
2016-12-08,154142456.88
2016-12-09,144147562.0
2016-12-10,123084235.24
2016-12-11,131900188.04
2016-12-12,156440444.98
2016-12-13,154469530.79
2016-12-14,125527661.4
2016-12-15,128260337.54
2016-12-16,149105659.81
2016-12-17,150955341.28
2016-12-18,144982714.14
2016-12-19,142188322.48
2016-12-20,145346491.7
2016-12-21,151230743.27
2016-12-22,118620475.04
2016-12-23,142406657.81
2016-12-24,149343301.99
2016-12-25,148053768.72
2016-12-26,138589529.99
2016-12-27,141202148.89
2016-12-28,144506072.13
2016-12-29,142653955.73
2016-12-30,135365396.29
2016-12-31,147958309.97
